s,P_1
0.001,262.369407341855
0.004002002002002,718.828295787095
0.007004004004004,1169.85475696206
0.010006006006006,1614.72690687579
0.013008008008008,2052.77787572915
0.01601001001001,2483.3972200023
0.019012012012012,2906.03168975356
0.022014014014014,3320.18539136073
0.025016016016016,3725.41939303286
0.028018018018018,4121.35082571127
0.03102002002002,4507.65153552748
0.034022022022022,4884.04634590724
0.037024024024024,5250.31098785455
0.040026026026026,5606.26975609914
0.043028028028028,5951.79294683706
0.04603003003003,6286.79412994064
0.049032032032032,6611.22730495685
0.052034034034034,6925.08398614353
0.055036036036036,7228.39025738325
0.058038038038038,7521.20383322322
0.06104004004004,7803.61115765141
0.064042042042042,8075.72456764886
0.0670440440440441,8337.67954415003
0.0700460460460461,8589.63206886866
0.073048048048048,8831.75610156119
0.0760500500500501,9064.24118873949
0.0790520520520521,9287.29021163121
0.0820540540540541,9501.11727832935
0.0850560560560561,9705.94576257048
0.0880580580580581,9902.00648942415
0.0910600600600601,10089.5360663482
0.0940620620620621,10268.775356544
0.0970640640640641,10439.9680903106
0.100066066066066,10603.3596091155
0.103068068068068,10759.1957363552
0.10607007007007,10907.7217682321
0.109072072072072,11049.1815778098
0.112074074074074,11183.8168250957
0.115076076076076,11311.8662659169
0.118078078078078,11433.5651523812
0.12108008008008,11549.1447178284
0.124082082082082,11658.8317393657
0.127084084084084,11762.8481713197
0.130086086086086,11861.4108432242
0.133088088088088,11954.7312162789
0.13609009009009,12043.015192548
0.139092092092092,12126.4629715182
0.142094094094094,12205.2689489874
0.145096096096096,12279.6216536108
0.148098098098098,12349.7037167743
0.1511001001001,12415.6918718104
0.154102102102102,12477.7569788916
0.157104104104104,12536.064072254
0.160106106106106,12590.7724266987
0.163108108108108,12642.0356406015
0.16611011011011,12690.0017329212
0.169112112112112,12734.8132519488
0.172114114114114,12776.6073937647
0.175116116116116,12815.516128585
0.178118118118118,12851.6663333747
0.18112012012012,12885.179929285
0.184122122122122,12916.1740226374
0.187124124124124,12944.7610483273
0.190126126126126,12971.0489146597
0.193128128128128,12995.1411487502
0.19613013013013,13017.1370417423
0.199132132132132,13037.1317931896
0.202134134134134,13055.2166540461
0.205136136136136,13071.4790677894
0.208138138138138,13086.0028092751
0.21114014014014,13098.8681209867
0.214142142142142,13110.1518464049
0.217144144144144,13119.9275602706
0.220146146146146,13128.2656955644
0.223148148148148,13135.2336670633
0.22615015015015,13140.8959913732
0.229152152152152,13145.3144033672
0.232154154154154,13148.5479689849
0.235156156156156,13150.6531943744
0.238158158158158,13151.6841313769
0.24116016016016,13151.6924793738
0.244162162162162,13150.7276835286
0.247164164164164,13148.837029471
0.250166166166166,13146.0657344806
0.253168168168168,13142.4570352351
0.25617017017017,13138.0522721982
0.259172172172172,13132.8909707252
0.262174174174174,13127.0109189714
0.265176176176176,13120.4482426906
0.268178178178178,13113.2374770135
0.27118018018018,13105.4116352994
0.274182182182182,13097.002275153
0.277184184184184,13088.039561701
0.280186186186186,13078.5523282214
0.283188188188188,13068.5681342191
0.28619019019019,13058.1133210395
0.289192192192192,13047.2130651107
0.292194194194194,13035.8914289047
0.295196196196196,13024.1714097036
0.298198198198198,13012.074986258
0.3012002002002,12999.6231634195
0.304202202202202,12986.83601483
0.307204204204204,12973.732723746
0.310206206206206,12960.3316220747
0.313208208208208,12946.6502276964
0.31621021021021,12932.7052801443
0.319212212212212,12918.512774712
0.322214214214214,12904.0879950552
0.325216216216216,12889.4455443516
0.328218218218218,12874.5993750826
0.33122022022022,12859.5628174948
0.334222222222222,12844.3486068008
0.337224224224224,12828.9689091721
0.340226226226226,12813.4353465801
0.343228228228228,12797.7590205338
0.34623023023023,12781.9505347635
0.349232232232232,12766.0200168988
0.352234234234234,12749.9771391834
0.355236236236236,12733.8311382718
0.358238238238238,12717.5908341476
0.36124024024024,12701.2646482032
0.364242242242242,12684.8606205192
0.367244244244244,12668.3864263784
0.370246246246246,12651.8493920494
0.373248248248248,12635.2565098727
0.37625025025025,12618.614452681
0.379252252252252,12601.929587583
0.382254254254254,12585.2079891404
0.385256256256256,12568.455451964
0.388258258258258,12551.6775027574
0.39126026026026,12534.8794118308
0.394262262262262,12518.0662041104
0.397264264264264,12501.2426696657
0.400266266266266,12484.413373776
0.403268268268268,12467.5826665581
0.40627027027027,12450.7546921732
0.409272272272272,12433.9333976333
0.412274274274274,12417.122541225
0.415276276276276,12400.325700567
0.418278278278278,12383.5462803187
0.42128028028028,12366.7875195548
0.424282282282282,12350.0524988218
0.427284284284284,12333.3441468895
0.430286286286286,12316.665247212
0.433288288288288,12300.0184441105
0.43629029029029,12283.4062486909
0.439292292292292,12266.8310445077
0.442294294294294,12250.2950929856
0.445296296296296,12233.800538609
0.448298298298298,12217.3494138905
0.4513003003003,12200.9436441279
0.454302302302302,12184.5850519584
0.457304304304304,12168.2753617203
0.460306306306306,12152.0162036289
0.463308308308308,12135.8091177765
0.46631031031031,12119.6555579626
0.469312312312312,12103.5568953639
0.472314314314314,12087.5144220479
0.475316316316316,12071.5293543404
0.478318318318318,12055.6028360507
0.48132032032032,12039.735941562
0.484322322322322,12023.9296787921
0.487324324324324,12008.1849920312
0.490326326326326,11992.5027646599
0.493328328328328,11976.8838217553
0.49633033033033,11961.3289325882
0.499332332332332,11945.8388130159
0.502334334334334,11930.4141277768
0.505336336336336,11915.0554926892
0.508338338338338,11899.7634767595
0.51134034034034,11884.5386042026
0.514342342342342,11869.3813563802
0.517344344344344,11854.2921736576
0.520346346346346,11839.2714571857
0.523348348348348,11824.3195706079
0.52635035035035,11809.4368416991
0.529352352352352,11794.6235639349
0.532354354354354,11779.879997999
0.535356356356356,11765.2063732269
0.538358358358358,11750.6028889917
0.54136036036036,11736.069716033
0.544362362362362,11721.606997731
0.547364364364364,11707.2148513298
0.550366366366366,11692.8933691093
0.553368368368368,11678.6426195111
0.55637037037037,11664.4626482168
0.559372372372372,11650.3534791841
0.562374374374374,11636.3151156395
0.565376376376376,11622.3475410313
0.568378378378378,11608.4507199442
0.57138038038038,11594.6245989757
0.574382382382382,11580.8691075782
0.577384384384384,11567.1841588662
0.580386386386386,11553.5696503911
0.583388388388388,11540.0254648841
0.58639039039039,11526.5514709699
0.589392392392392,11513.1475238504
0.592394394394394,11499.8134659619
0.595396396396396,11486.5491276044
0.598398398398398,11473.3543275464
0.6014004004004,11460.2288736047
0.604402402402402,11447.172563201
0.607404404404404,11434.1851838953
0.610406406406406,11421.2665138988
0.613408408408408,11408.4163225645
0.61641041041041,11395.6343708594
0.619412412412412,11382.9204118163
0.622414414414414,11370.2741909678
0.625416416416416,11357.695446763
0.628418418418419,11345.183910966
0.63142042042042,11332.7393090396
0.634422422422422,11320.3613605125
0.637424424424424,11308.0497793313
0.640426426426426,11295.804274199
0.643428428428429,11283.6245488988
0.64643043043043,11271.510302605
0.649432432432432,11259.4612301808
0.652434434434434,11247.4770224643
0.655436436436436,11235.5573665425
0.658438438438439,11223.7019460137
0.66144044044044,11211.9104412394
0.664442442442442,11200.1825295856
0.667444444444445,11188.517885654
0.670446446446446,11176.9161815037
0.673448448448449,11165.3770868633
0.67645045045045,11153.9002693349
0.679452452452452,11142.4853945882
0.682454454454455,11131.1321265476
0.685456456456456,11119.840127571
0.688458458458459,11108.6090586208
0.69146046046046,11097.4385794275
0.694462462462462,11086.3283486471
0.697464464464465,11075.2780240105
0.700466466466466,11064.2872624677
0.703468468468469,11053.3557203248
0.706470470470471,11042.4830533755
0.709472472472472,11031.6689170268
0.712474474474475,11020.912966419
0.715476476476476,11010.2148565404
0.718478478478479,10999.5742423373
0.721480480480481,10988.9907788185
0.724482482482482,10978.4641211553
0.727484484484485,10967.9939247772
0.730486486486487,10957.5798454631
0.733488488488488,10947.221539428
0.736490490490491,10936.9186634061
0.739492492492492,10926.6708747299
0.742494494494495,10916.4778314054
0.745496496496497,10906.3391921841
0.748498498498498,10896.254616631
0.751500500500501,10886.2237651899
0.754502502502503,10876.2462992453
0.757504504504505,10866.3218811808
0.760506506506507,10856.4501744354
0.763508508508508,10846.6308435563
0.766510510510511,10836.8635542496
0.769512512512513,10827.1479734275
0.772514514514515,10817.4837692538
0.775516516516517,10807.870611187
0.778518518518518,10798.3081700205
0.781520520520521,10788.796117921
0.784522522522523,10779.3341284648
0.787524524524525,10769.9218766716
0.790526526526527,10760.5590390374
0.793528528528529,10751.2452935639
0.796530530530531,10741.9803197878
0.799532532532533,10732.7637988067
0.802534534534535,10723.5954133051
0.805536536536537,10714.4748475771
0.808538538538539,10705.4017875486
0.811540540540541,10696.3759207979
0.814542542542543,10687.3969365746
0.817544544544545,10678.4645258171
0.820546546546547,10669.5783811692
0.823548548548549,10660.738196995
0.826550550550551,10651.9436693929
0.829552552552553,10643.1944962086
0.832554554554555,10634.490377046
0.835556556556557,10625.8310132787
0.838558558558559,10617.2161080589
0.841560560560561,10608.645366326
0.844562562562563,10600.1184948148
0.847564564564565,10591.6352020615
0.850566566566567,10583.1951984101
0.853568568568569,10574.7981960174
0.856570570570571,10566.443908857
0.859572572572573,10558.132052723
0.862574574574575,10549.862345233
0.865576576576577,10541.6345058298
0.868578578578579,10533.4482557831
0.871580580580581,10525.3033181902
0.874582582582583,10517.1994179763
0.877584584584585,10509.1362818941
0.880586586586587,10501.1136385227
0.883588588588589,10493.1312182663
0.886590590590591,10485.1887533525
0.889592592592593,10477.2859778291
0.892594594594595,10469.4226275621
0.895596596596597,10461.5984402315
0.898598598598599,10453.8131553283
0.901600600600601,10446.0665141498
0.904602602602603,10438.3582597953
0.907604604604605,10430.688137161
0.910606606606607,10423.055892935
0.913608608608609,10415.4612755915
0.916610610610611,10407.9040353852
0.919612612612613,10400.3839243447
0.922614614614615,10392.9006962664
0.925616616616617,10385.4541067073
0.928618618618619,10378.0439129787
0.931620620620621,10370.6698741383
0.934622622622623,10363.3317509833
0.937624624624625,10356.0293060421
0.940626626626627,10348.7623035671
0.943628628628629,10341.530509526
0.946630630630631,10334.3336915942
0.949632632632633,10327.1716191459
0.952634634634635,10320.0440632454
0.955636636636637,10312.9507966391
0.958638638638639,10305.8915937459
0.961640640640641,10298.8662306485
0.964642642642643,10291.8744850843
0.967644644644645,10284.916136436
0.970646646646647,10277.9909657224
0.973648648648649,10271.0987555891
0.976650650650651,10264.2392902985
0.979652652652653,10257.4123557206
0.982654654654655,10250.6177393231
0.985656656656657,10243.8552301619
0.988658658658659,10237.1246188707
0.991660660660661,10230.4256976516
0.994662662662663,10223.7582602651
0.997664664664665,10217.12210202
1.00066666666667,10210.5170197632
1.00366866866867,10203.9428118699
1.00667067067067,10197.3992782333
1.00967267267267,10190.8862202547
1.01267467467467,10184.4034408329
1.01567667667668,10177.9507443546
1.01867867867868,10171.5279366837
1.02168068068068,10165.1348251514
1.02468268268268,10158.7712185457
1.02768468468468,10152.4369271015
1.03068668668669,10146.1317624901
1.03368868868869,10139.8555378093
1.03669069069069,10133.6080675729
1.03969269269269,10127.3891677005
1.04269469469469,10121.1986555075
1.0456966966967,10115.036349695
1.0486986986987,10108.9020703391
1.0517007007007,10102.7956388815
1.0547027027027,10096.7168781188
1.0577047047047,10090.6656121927
1.06070670670671,10084.6416665799
1.06370870870871,10078.6448680819
1.06671071071071,10072.6750448153
1.06971271271271,10066.7320262015
1.07271471471471,10060.815642957
1.07571671671672,10054.9257270834
1.07871871871872,10049.0621118576
1.08172072072072,10043.2246318218
1.08472272272272,10037.4131227739
1.08772472472472,10031.6274217576
1.09072672672673,10025.8673670531
1.09372872872873,10020.1327981669
1.09673073073073,10014.4235558224
1.09973273273273,10008.7394819505
1.10273473473473,10003.0804196799
1.10573673673674,9997.44621332786
1.10873873873874,9991.83670839043
1.11174074074074,9986.25175153339
1.11474274274274,9980.69119058283
1.11774474474474,9975.15487451588
1.12074674674675,9969.64265345153
1.12374874874875,9964.15437864148
1.12675075075075,9958.68990246104
1.12975275275275,9953.24907840008
1.13275475475475,9947.83176105404
1.13575675675676,9942.43780611501
1.13875875875876,9937.06707036285
1.14176076076076,9931.71941165638
1.14476276276276,9926.39468892461
1.14776476476476,9921.09276215804
1.15076676676677,9915.81349240002
1.15376876876877,9910.55674173817
1.15677077077077,9905.32237329582
1.15977277277277,9900.11025122357
1.16277477477477,9894.92024069087
1.16577677677678,9889.75220787768
1.16877877877878,9884.60601996615
1.17178078078078,9879.48154513241
1.17478278278278,9874.37865253838
1.17778478478478,9869.29721232367
1.18078678678679,9864.2370955975
1.18378878878879,9859.19817443074
1.18679079079079,9854.18032184794
1.18979279279279,9849.18341181945
1.19279479479479,9844.20731925365
1.1957967967968,9839.25191998911
1.1987987987988,9834.31709078697
1.2018008008008,9829.40270932326
1.2048028028028,9824.5086541813
1.2078048048048,9819.63480484422
1.21080680680681,9814.78104168745
1.21380880880881,9809.94724597137
1.21681081081081,9805.13329983389
1.21981281281281,9800.33908628323
1.22281481481481,9795.56448919064
1.22581681681682,9790.80939328327
1.22881881881882,9786.07368413699
1.23182082082082,9781.35724816938
1.23482282282282,9776.65997263274
1.23782482482482,9771.9817456071
1.24082682682683,9767.32245599336
1.24382882882883,9762.68199350644
1.24683083083083,9758.06024866855
1.24983283283283,9753.45711280241
1.25283483483483,9748.87247802461
1.25583683683684,9744.30623723903
1.25883883883884,9739.75828413024
1.26184084084084,9735.22851315702
1.26484284284284,9730.71681954594
1.26784484484484,9726.22309928492
1.27084684684685,9721.74724911696
1.27384884884885,9717.28916653376
1.27685085085085,9712.84874976961
1.27985285285285,9708.42589779511
1.28285485485485,9704.02051031111
1.28585685685686,9699.6324877426
1.28885885885886,9695.26173123272
1.29186086086086,9690.90814263675
1.29486286286286,9686.57162451626
1.29786486486486,9682.25208013317
1.30086686686687,9677.94941344399
1.30386886886887,9673.663529094
1.30687087087087,9669.3943324116
1.30987287287287,9665.14172940259
1.31287487487487,9660.90562674457
1.31587687687688,9656.68593178138
1.31887887887888,9652.48255251758
1.32188088088088,9648.29539761295
1.32488288288288,9644.12437637711
1.32788488488488,9639.9693987641
1.33088688688689,9635.83037536709
1.33388888888889,9631.70721741306
1.33689089089089,9627.59983675759
1.33989289289289,9623.50814587967
1.34289489489489,9619.43205787651
1.3458968968969,9615.37148645852
1.3488988988989,9611.32634594419
1.3519009009009,9607.29655125508
1.3549029029029,9603.2820179109
1.3579049049049,9599.28266202455
1.36090690690691,9595.29840029727
1.36390890890891,9591.32915001376
1.36691091091091,9587.37482903742
1.36991291291291,9583.4353558056
1.37291491491491,9579.5106493249
1.37591691691692,9575.60062916645
1.37891891891892,9571.70521546136
1.38192092092092,9567.82432889607
1.38492292292292,9563.95789070785
1.38792492492492,9560.1058226803
1.39092692692693,9556.26804713882
1.39392892892893,9552.44448694629
1.39693093093093,9548.63506549861
1.39993293293293,9544.83970672036
1.40293493493493,9541.05833506054
1.40593693693694,9537.29087548825
1.40893893893894,9533.5372534885
1.41194094094094,9529.797395058
1.41494294294294,9526.07122670099
1.41794494494494,9522.35867542516
1.42094694694695,9518.65966873753
1.42394894894895,9514.97413464044
1.42695095095095,9511.3020016275
1.42995295295295,9507.64319867967
1.43295495495495,9503.99765526128
1.43595695695696,9500.36530131613
1.43895895895896,9496.74606726366
1.44196096096096,9493.13988399509
1.44496296296296,9489.54668286958
1.44796496496496,9485.96639571057
1.45096696696697,9482.39895480195
1.45396896896897,9478.8442928844
1.45697097097097,9475.30234315174
1.45997297297297,9471.77303924727
1.46297497497497,9468.25631526018
1.46597697697698,9464.752105722
1.46897897897898,9461.26034560303
1.47198098098098,9457.78097030885
1.47498298298298,9454.31391567689
1.47798498498498,9450.85911797289
1.48098698698699,9447.4165138876
1.48398898898899,9443.98604053331
1.48699099099099,9440.56763544055
1.48999299299299,9437.16123655474
1.49299499499499,9433.76678223293
1.495996996997,9430.38421124051
1.498998998999,9427.01346274797
1.502001001001,9423.65447632774
1.505003003003,9420.30719195095
1.508005005005,9416.97154998436
1.51100700700701,9413.64749118714
1.51400900900901,9410.3349567079
1.51701101101101,9407.03388808148
1.52001301301301,9403.74422722606
1.52301501501502,9400.46591644005
1.52601701701702,9397.19889839913
1.52901901901902,9393.94311615331
1.53202102102102,9390.69851312399
1.53502302302302,9387.46503310102
1.53802502502502,9384.24262023991
1.54102702702703,9381.03121905885
1.54402902902903,9377.83077443598
1.54703103103103,9374.64123160656
1.55003303303303,9371.46253616017
1.55303503503503,9368.29463403797
1.55603703703704,9365.13747152997
1.55903903903904,9361.9909952723
1.56204104104104,9358.8551522446
1.56504304304304,9355.72988976724
1.56804504504504,9352.61515549881
1.57104704704705,9349.51089743342
1.57404904904905,9346.41706389814
1.57705105105105,9343.33360355045
1.58005305305305,9340.26046537566
1.58305505505505,9337.19759868443
1.58605705705706,9334.14495311021
1.58905905905906,9331.10247860684
1.59206106106106,9328.07012544602
1.59506306306306,9325.04784421492
1.59806506506506,9322.03558581375
1.60106706706707,9319.03330145337
1.60406906906907,9316.04094265293
1.60707107107107,9313.05846123748
1.61007307307307,9310.08580933569
1.61307507507507,9307.12293937751
1.61607707707708,9304.16980409188
1.61907907907908,9301.22635650449
1.62208108108108,9298.29254993547
1.62508308308308,9295.36833799721
1.62808508508508,9292.45367459214
1.63108708708709,9289.54851391052
1.63408908908909,9286.65281042828
1.63709109109109,9283.76651890487
1.64009309309309,9280.88959438109
1.64309509509509,9278.02199217702
1.6460970970971,9275.1636678899
1.6490990990991,9272.31457739204
1.6521011011011,9269.47467682877
1.6551031031031,9266.64392261637
1.65810510510511,9263.82227144009
1.66110710710711,9261.00968025209
1.66410910910911,9258.20610626947
1.66711111111111,9255.4115069723
1.67011311311311,9252.62584010163
1.67311511511511,9249.84906365762
1.67611711711712,9247.0811358975
1.67911911911912,9244.32201533378
1.68212112112112,9241.57166073225
1.68512312312312,9238.83003111021
1.68812512512513,9236.09708573453
1.69112712712713,9233.3727841198
1.69412912912913,9230.65708602659
1.69713113113113,9227.94995145953
1.70013313313313,9225.25134066559
1.70313513513513,9222.56121413226
1.70613713713714,9219.87953258577
1.70913913913914,9217.20625698938
1.71214114114114,9214.54134854159
1.71514314314314,9211.8847686745
1.71814514514515,9209.23647905199
1.72114714714715,9206.59644156811
1.72414914914915,9203.96461834538
1.72715115115115,9201.34097173309
1.73015315315315,9198.72546430572
1.73315515515515,9196.11805886122
1.73615715715716,9193.51871841944
1.73915915915916,9190.92740622051
1.74216116116116,9188.34408572323
1.74516316316316,9185.76872060351
1.74816516516517,9183.20127475276
1.75116716716717,9180.64171227638
1.75416916916917,9178.0899974922
1.75717117117117,9175.54609492892
1.76017317317317,9173.00996932463
1.76317517517517,9170.48158562529
1.76617717717718,9167.96090898326
1.76917917917918,9165.44790475575
1.77218118118118,9162.94253850343
1.77518318318318,9160.44477598895
1.77818518518519,9157.95458317548
1.78118718718719,9155.47192622528
1.78418918918919,9152.9967714983
1.78719119119119,9150.52908555076
1.79019319319319,9148.06883513374
1.7931951951952,9145.61598719184
1.7961971971972,9143.17050886174
1.7991991991992,9140.73236747088
1.8022012012012,9138.30153053614
1.8052032032032,9135.8779657624
1.80820520520521,9133.46164104134
1.81120720720721,9131.05252444999
1.81420920920921,9128.65058424955
1.81721121121121,9126.25578888398
1.82021321321321,9123.86810697882
1.82321521521522,9121.4875073398
1.82621721721722,9119.1139589517
1.82921921921922,9116.74743097698
1.83222122122122,9114.38789275463
1.83522322322322,9112.03531379887
1.83822522522523,9109.68966379795
1.84122722722723,9107.35091261295
1.84422922922923,9105.01903027655
1.84723123123123,9102.69398699186
1.85023323323323,9100.37575313121
1.85323523523524,9098.06429923501
1.85623723723724,9095.75959601053
1.85923923923924,9093.46161433081
1.86224124124124,9091.17032523345
1.86524324324324,9088.88569991954
1.86824524524525,9086.60770975246
1.87124724724725,9084.3363262568
1.87424924924925,9082.07152111726
1.87725125125125,9079.81326617754
1.88025325325325,9077.56153343921
1.88325525525526,9075.31629506068
1.88625725725726,9073.0775233561
1.88925925925926,9070.84519079429
1.89226126126126,9068.61926999769
1.89526326326326,9066.39973374132
1.89826526526527,9064.18655495172
1.90126726726727,9061.9797067059
1.90426926926927,9059.7791622304
1.90727127127127,9057.58489490015
1.91027327327327,9055.39687823757
1.91327527527528,9053.21508591152
1.91627727727728,9051.03949173629
1.91927927927928,9048.87006967067
1.92228128128128,9046.70679381691
1.92528328328328,9044.54963841981
1.92828528528529,9042.39857786572
1.93128728728729,9040.25358668162
1.93428928928929,9038.11463953412
1.93729129129129,9035.98171122857
1.94029329329329,9033.85477670812
1.9432952952953,9031.73381105278
1.9462972972973,9029.61878947851
1.9492992992993,9027.50968733632
1.9523013013013,9025.40648011137
1.9553033033033,9023.30914342203
1.95830530530531,9021.21765301906
1.96130730730731,9019.13198478468
1.96430930930931,9017.05211473172
1.96731131131131,9014.97801900275
1.97031331331331,9012.90967386918
1.97331531531532,9010.84705573047
1.97631731731732,9008.79014111324
1.97931931931932,9006.73890667043
1.98232132132132,9004.69332918049
1.98532332332332,9002.65338554653
1.98832532532533,9000.61905279552
1.99132732732733,8998.59030807743
1.99432932932933,8996.56712866447
1.99733133133133,8994.54949195028
2.00033333333333,8992.5373754491
2.00333533533534,8990.530756795
2.00633733733734,8988.52961374112
2.00933933933934,8986.53392415887
2.01234134134134,8984.54366603713
2.01534334334334,8982.55881748152
2.01834534534535,8980.57935671365
2.02134734734735,8978.60526207032
2.02434934934935,8976.63651200281
2.02735135135135,8974.67308507612
2.03035335335335,8972.71495996824
2.03335535535536,8970.76211546941
2.03635735735736,8968.81453048139
2.03935935935936,8966.87218401676
2.04236136136136,8964.9350551982
2.04536336336336,8963.00312325774
2.04836536536537,8961.07636753611
2.05136736736737,8959.15476748201
2.05436936936937,8957.23830265143
2.05737137137137,8955.32695270697
2.06037337337337,8953.42069741709
2.06337537537538,8951.51951665554
2.06637737737738,8949.62339040061
2.06937937937938,8947.73229873448
2.07238138138138,8945.84622184255
2.07538338338338,8943.96514001281
2.07838538538539,8942.08903363516
2.08138738738739,8940.21788320077
2.08438938938939,8938.35166930144
2.08739139139139,8936.49037262894
2.09039339339339,8934.63397397443
2.0933953953954,8932.78245422774
2.0963973973974,8930.93579437687
2.0993993993994,8929.09397550724
2.1024014014014,8927.25697880116
2.1054034034034,8925.42478553721
2.10840540540541,8923.59737708959
2.11140740740741,8921.77473492756
2.11440940940941,8919.95684061484
2.11741141141141,8918.14367580899
2.12041341341341,8916.33522226085
2.12341541541542,8914.53146181395
2.12641741741742,8912.7323764039
2.12941941941942,8910.93794805788
2.13242142142142,8909.148158894
2.13542342342342,8907.36299112077
2.13842542542543,8905.58242703653
2.14142742742743,8903.80644902889
2.14442942942943,8902.03503957418
2.14743143143143,8900.26818123689
2.15043343343343,8898.50585666914
2.15343543543544,8896.74804861011
2.15643743743744,8894.99473988552
2.15943943943944,8893.24591340713
2.16244144144144,8891.50155217213
2.16544344344344,8889.76163926266
2.16844544544545,8888.0261578453
2.17144744744745,8886.29509117055
2.17444944944945,8884.56842257225
2.17745145145145,8882.84613546716
2.18045345345345,8881.12821335439
2.18345545545546,8879.41463981492
2.18645745745746,8877.7053985111
2.18945945945946,8876.00047318613
2.19246146146146,8874.2998476636
2.19546346346346,8872.60350584698
2.19846546546547,8870.91143171913
2.20146746746747,8869.22360934183
2.20446946946947,8867.5400228553
2.20747147147147,8865.86065647771
2.21047347347347,8864.18549450473
2.21347547547548,8862.51452130903
2.21647747747748,8860.84772133985
2.21947947947948,8859.1850791225
2.22248148148148,8857.52657925793
2.22548348348348,8855.87220642226
2.22848548548549,8854.22194536635
2.23148748748749,8852.57578091529
2.23448948948949,8850.93369796805
2.23749149149149,8849.29568149695
2.24049349349349,8847.66171654724
2.2434954954955,8846.0317882367
2.2464974974975,8844.40588175518
2.2494994994995,8842.78398236416
2.2525015015015,8841.16607539635
2.2555035035035,8839.55214625523
2.25850550550551,8837.94218041466
2.26150750750751,8836.33616341843
2.26450950950951,8834.7340808799
2.26751151151151,8833.13591848152
2.27051351351351,8831.54166197445
2.27351551551552,8829.95129717817
2.27651751751752,8828.36480998005
2.27951951951952,8826.78218633495
2.28252152152152,8825.20341226485
2.28552352352352,8823.62847385842
2.28852552552553,8822.05735727063
2.29152752752753,8820.4900487224
2.29452952952953,8818.92653450015
2.29753153153153,8817.36680095546
2.30053353353353,8815.81083450469
2.30353553553554,8814.25862162857
2.30653753753754,8812.71014887185
2.30953953953954,8811.16540284289
2.31254154154154,8809.62437021335
2.31554354354354,8808.08703771777
2.31854554554555,8806.55339215319
2.32154754754755,8805.02342037886
2.32454954954955,8803.49710931579
2.32755155155155,8801.97444594647
2.33055355355355,8800.45541731445
2.33355555555556,8798.94001052402
2.33655755755756,8797.42821273986
2.33955955955956,8795.92001118666
2.34256156156156,8794.41539314883
2.34556356356356,8792.91434597007
2.34856556556557,8791.41685705311
2.35156756756757,8789.92291385935
2.35456956956957,8788.43250390849
2.35757157157157,8786.9456147782
2.36057357357357,8785.46223410383
2.36357557557558,8783.98234957805
2.36657757757758,8782.50594895051
2.36957957957958,8781.03302002752
2.37258158158158,8779.56355067177
2.37558358358358,8778.09752880193
2.37858558558559,8776.63494239238
2.38158758758759,8775.17577947292
2.38458958958959,8773.72002812836
2.38759159159159,8772.26767649832
2.39059359359359,8770.81871277682
2.3935955955956,8769.37312521205
2.3965975975976,8767.93090210601
2.3995995995996,8766.49203181422
2.4026016016016,8765.05650274546
2.4056036036036,8763.62430336138
2.40860560560561,8762.19542217626
2.41160760760761,8760.76984775673
2.41460960960961,8759.34756872144
2.41761161161161,8757.92857374077
2.42061361361361,8756.51285153654
2.42361561561562,8755.10039088175
2.42661761761762,8753.69118060025
2.42961961961962,8752.28520956648
2.43262162162162,8750.8824667052
2.43562362362362,8749.48294099117
2.43862562562563,8748.08662144888
2.44162762762763,8746.69349715232
2.44462962962963,8745.30355722465
2.44763163163163,8743.91679083794
2.45063363363363,8742.5331872129
2.45363563563564,8741.15273561862
2.45663763763764,8739.77542537229
2.45963963963964,8738.40124583894
2.46264164164164,8737.03018643117
2.46564364364364,8735.66223660887
2.46864564564565,8734.29738587901
2.47164764764765,8732.93562379533
2.47464964964965,8731.57693995809
2.47765165165165,8730.22132401383
2.48065365365365,8728.86876565512
2.48365565565566,8727.51925462026
2.48665765765766,8726.17278069309
2.48965965965966,8724.82933370272
2.49266166166166,8723.48890352326
2.49566366366366,8722.15148007358
2.49866566566567,8720.81705331709
2.50166766766767,8719.48561326147
2.50466966966967,8718.15714995844
2.50767167167167,8716.83165350353
2.51067367367367,8715.50911403581
2.51367567567568,8714.18952173768
2.51667767767768,8712.87286683463
2.51967967967968,8711.55913959499
2.52268168168168,8710.24833032974
2.52568368368368,8708.9404293922
2.52868568568569,8707.6354271779
2.53168768768769,8706.33331412426
2.53468968968969,8705.03408071043
2.53769169169169,8703.73771745702
2.54069369369369,8702.44421492593
2.5436956956957,8701.15356372005
2.5466976976977,8699.86575448311
2.5496996996997,8698.58077789942
2.5527017017017,8697.29862469367
2.5557037037037,8696.01928563069
2.55870570570571,8694.74275151531
2.56170770770771,8693.469013192
2.56470970970971,8692.19806154483
2.56771171171171,8690.92988749712
2.57071371371371,8689.6644820113
2.57371571571572,8688.4018360887
2.57671771771772,8687.14194076932
2.57971971971972,8685.88478713163
2.58272172172172,8684.63036629237
2.58572372372372,8683.37866940634
2.58872572572573,8682.12968766622
2.59172772772773,8680.88341230234
2.59472972972973,8679.63983458248
2.59773173173173,8678.39894581171
2.60073373373373,8677.16073733217
2.60373573573574,8675.92520052283
2.60673773773774,8674.69232679939
2.60973973973974,8673.462107614
2.61274174174174,8672.23453445512
2.61574374374374,8671.0095988473
2.61874574574575,8669.78729235099
2.62174774774775,8668.5676065624
2.62474974974975,8667.35053311324
2.62775175175175,8666.13606367058
2.63075375375375,8664.92418993666
2.63375575575576,8663.7149036487
2.63675775775776,8662.50819657871
2.63975975975976,8661.30406053332
2.64276176176176,8660.1024873536
2.64576376376376,8658.90346891486
2.64876576576577,8657.70699712651
2.65176776776777,8656.51306393185
2.65476976976977,8655.3216613079
2.65777177177177,8654.13278126523
2.66077377377377,8652.9464158478
2.66377577577578,8651.76255713277
2.66677777777778,8650.58119723031
2.66977977977978,8649.40232828346
2.67278178178178,8648.22594246798
2.67578378378378,8647.05203199212
2.67878578578579,8645.88058909648
2.68178778778779,8644.71160605387
2.68478978978979,8643.54507516912
2.68779179179179,8642.3809887789
2.69079379379379,8641.21933925161
2.6937957957958,8640.06011898713
2.6967977977978,8638.90332041676
2.6997997997998,8637.74893600299
2.7028018018018,8636.59695823935
2.7058038038038,8635.44737965028
2.70880580580581,8634.30019279094
2.71180780780781,8633.15539024709
2.71480980980981,8632.01296463488
2.71781181181181,8630.87290860074
2.72081381381381,8629.73521482124
2.72381581581582,8628.59987600287
2.72681781781782,8627.46688488195
2.72981981981982,8626.33623422446
2.73282182182182,8625.20791682587
2.73582382382382,8624.08192551102
2.73882582582583,8622.95825313396
2.74182782782783,8621.8368925778
2.74482982982983,8620.71783675456
2.74783183183183,8619.60107860505
2.75083383383383,8618.48661109868
2.75383583583584,8617.37442723335
2.75683783783784,8616.2645200353
2.75983983983984,8615.15688255897
2.76284184184184,8614.05150788685
2.76584384384384,8612.94838912933
2.76884584584585,8611.84751942461
2.77184784784785,8610.74889193848
2.77484984984985,8609.65249986426
2.77785185185185,8608.55833642262
2.78085385385385,8607.46639486144
2.78385585585586,8606.37666845573
2.78685785785786,8605.28915050738
2.78985985985986,8604.20383434518
2.79286186186186,8603.12071332455
2.79586386386386,8602.03978082749
2.79886586586587,8600.96103026241
2.80186786786787,8599.88445506401
2.80486986986987,8598.81004869316
2.80787187187187,8597.73780463676
2.81087387387387,8596.6677164076
2.81387587587588,8595.59977754426
2.81687787787788,8594.53398161095
2.81987987987988,8593.47032219744
2.82288188188188,8592.40879291884
2.82588388388388,8591.34938741559
2.82888588588589,8590.29209935323
2.83188788788789,8589.23692242234
2.83488988988989,8588.18385033841
2.83789189189189,8587.1328768417
2.84089389389389,8586.08399569713
2.8438958958959,8585.03720069417
2.8468978978979,8583.99248564667
2.8498998998999,8582.94984439282
2.8529019019019,8581.90927079497
2.8559039039039,8580.87075873953
2.85890590590591,8579.83430213687
2.86190790790791,8578.79989492117
2.86490990990991,8577.76753105033
2.86791191191191,8576.73720450587
2.87091391391391,8575.70890929275
2.87391591591592,8574.68263943933
2.87691791791792,8573.65838899722
2.87991991991992,8572.63615204118
2.88292192192192,8571.61592266899
2.88592392392392,8570.59769500136
2.88892592592593,8569.58146318182
2.89192792792793,8568.56722137656
2.89492992992993,8567.55496377443
2.89793193193193,8566.54468458669
2.90093393393393,8565.53637804703
2.90393593593594,8564.53003841139
2.90693793793794,8563.52565995786
2.90993993993994,8562.5232369866
2.91294194194194,8561.5227638197
2.91594394394394,8560.52423480113
2.91894594594595,8559.52764429657
2.92194794794795,8558.53298669333
2.92494994994995,8557.54025640028
2.92795195195195,8556.54944784772
2.93095395395395,8555.56055548725
2.93395595595596,8554.57357379171
2.93695795795796,8553.58849725509
2.93995995995996,8552.60532039238
2.94296196196196,8551.62403773949
2.94596396396396,8550.64464385319
2.94896596596597,8549.66713331096
2.95196796796797,8548.69150071089
2.95496996996997,8547.71774067165
2.95797197197197,8546.74584783229
2.96097397397397,8545.77581685226
2.96397597597598,8544.80764241121
2.96697797797798,8543.84131920896
2.96997997997998,8542.87684196537
2.97298198198198,8541.91420542027
2.97598398398398,8540.95340433335
2.97898598598599,8539.99443348409
2.98198798798799,8539.03728767162
2.98498998998999,8538.08196171469
2.98799199199199,8537.12845045152
2.99099399399399,8536.17674873975
2.993995995996,8535.22685145635
2.996997997998,8534.27875349747
3,8533.33244977844
